,64 tokens,128 tokens,256 tokens,512 tokens,1024 tokens
150 tokens,2.260344044,4.443645773333333,8.709543906,17.396393175333333,34.86875160333333
200 tokens,2.1866298073333335,4.362068895666667,8.671840457666667,17.314340945666668,38.02904914
250 tokens,2.275224490333333,4.335147073666667,8.685405253,17.462805669333335,34.416795261000004
