,64 tokens,128 tokens,256 tokens,512 tokens,1024 tokens
150 tokens,1.3268452163333333,2.657293816,5.349762109,10.619567287333332,21.077535322
200 tokens,1.3168392163333333,2.631476122,5.254242424,10.649512626000002,21.118612543666664
250 tokens,1.331091679,2.639076266,5.277370024,10.666812446666667,21.108226393666666
