,64 tokens,128 tokens,256 tokens,512 tokens,1024 tokens
150 tokens,1.5525737336666667,3.055487306333333,6.074704492666666,12.258173503666667,24.219143901666666
200 tokens,1.5228910993333333,3.0507079509999997,6.119437181666666,11.937345686999999,23.16391997466667
250 tokens,1.4824867309999998,2.938312978666666,5.818609466333334,11.479610740666667,22.939229228000002
