,64 tokens,128 tokens,256 tokens,512 tokens,1024 tokens
150 tokens,3.345609055,6.705652289333334,13.389802179,27.011759792333333,55.028959165
200 tokens,3.3548508483333337,6.703636662,13.433718933666666,27.11524652066667,55.23285371733334
250 tokens,3.3863725453333338,6.746119342333333,13.488244671666665,27.240704331999996,55.63023898166667
