,64 tokens,128 tokens,256 tokens,512 tokens,1024 tokens
150 tokens,1.2960810056666667,2.5762880029999997,5.132965829333334,10.294083909000001,20.687771531666666
200 tokens,1.277135984,2.592379278666667,5.072754995,10.089432857,20.162386612000002
250 tokens,1.269884168,2.5698978186666666,5.079690778,10.374642710666667,20.474452691333337
