,64 tokens,128 tokens,256 tokens,512 tokens,1024 tokens
150 tokens,2.186370736666667,4.3552924336666665,8.848088571666667,17.51374023533333,34.858941099
200 tokens,2.159875562,4.305875614666667,8.597659652,17.352752476333333,34.96791166366666
250 tokens,2.190583297666667,4.383720853000001,8.745525893666667,17.600356935666667,35.02336912133333
