,64 tokens,128 tokens,256 tokens,512 tokens,1024 tokens
150 tokens,3.8612173606666667,7.620448277333334,15.146288129333334,30.540056456666665,61.29113644699999
200 tokens,3.8609816329999997,7.6131268856666665,15.266651263666667,31.219870613,62.15545208899999
250 tokens,3.8794277860000004,7.656466562666666,15.261929885,30.780902021,61.896670792
