,64 tokens,128 tokens,256 tokens,512 tokens,1024 tokens
150 tokens,3.5335188216666666,7.053645002333333,14.139799649000002,28.447059339333332,56.78678532266667
200 tokens,3.4722617896666663,6.996628393666666,13.874915447333334,27.87041867933333,56.453738404999996
250 tokens,3.4760647903333335,6.889046388,13.828565557333334,27.478366596333334,55.55342475833333
