,64 tokens,128 tokens,256 tokens,512 tokens,1024 tokens
150 tokens,0.7770333043333334,1.5523703303333332,3.1172008216666662,6.216593753666667,12.34338821
200 tokens,0.7632485373333333,1.5295596679999999,3.075554383,6.093360966666666,12.271988565333332
250 tokens,0.7848357296666667,1.52865127,3.0518113963333335,6.251921561333334,12.202271687666666
