,64 tokens,128 tokens,256 tokens,512 tokens,1024 tokens
150 tokens,1.375042541,2.676694110333333,5.452697087,10.914859408333333,20.968138257666666
200 tokens,1.3102616473333333,2.6099137173333333,5.2712316203333325,10.224754188,20.377417163999997
250 tokens,1.2672262986666667,2.5479598236666665,5.158193863666667,10.105725867333332,20.556291752
