,64 tokens,128 tokens,256 tokens,512 tokens,1024 tokens
150 tokens,1.5044036919999997,2.952391041333333,5.8556347476666675,11.683631750333333,23.193343409666667
200 tokens,1.4439486639999999,2.8774095266666664,5.809172752666666,11.62817596,23.543225503000002
250 tokens,1.4644900293333334,2.9114649576666665,5.828763476,11.730027096,24.298922731666668
