,64 tokens,128 tokens,256 tokens,512 tokens,1024 tokens
150 tokens,1.711845251,3.295438548,6.551048368666667,13.363371383999999,27.985615350666667
200 tokens,1.7736363656666665,3.3871553243333334,6.6858603746666665,13.552838039000001,28.313120836666666
250 tokens,1.814002327,3.436245741,6.765528194666667,13.756557573666667,28.610122893666666
