,64 tokens,128 tokens,256 tokens,512 tokens,1024 tokens
150 tokens,1.9642170066666669,3.895571353333333,7.821899442333333,15.591004468333333,30.687046194666667
200 tokens,1.973956883666667,3.9078794356666666,7.776440595,15.431971608666666,30.935166584
250 tokens,1.9445770303333336,3.8856037503333334,7.695099508666668,15.283845825,31.007299403
