,64 tokens,128 tokens,256 tokens,512 tokens,1024 tokens
150 tokens,3.043146214666667,6.04643309,11.800164548666666,23.565045260999998,47.33180916933333
200 tokens,2.954621995666667,5.860460806666667,11.780599191333332,23.542885887,46.79248350533334
250 tokens,2.9374576310000005,5.871099799,11.655370590666669,23.551764393333332,46.97540055333334
