,64 tokens,128 tokens,256 tokens,512 tokens,1024 tokens
150 tokens,2.238203662,4.3038114730000006,8.590105532,17.052624707333333,34.270614912000006
200 tokens,2.134434025666667,4.269951748,8.565586223,17.141284737666666,34.416002162000005
250 tokens,2.1817075906666665,4.332425496333333,8.634178524000001,17.340912178,34.427771197000006
