,64 tokens,128 tokens,256 tokens,512 tokens,1024 tokens
150 tokens,3.460216543,6.618478350666667,13.326564405,26.637062133333334,54.278076510333335
200 tokens,3.3626837713333337,6.6876161263333325,13.461284078333334,26.873969747,53.97594917633334
250 tokens,3.3441620586666665,6.741703792666667,13.524981026666666,26.824730239666668,54.87796784933334
