,64 tokens,128 tokens,256 tokens,512 tokens,1024 tokens
150 tokens,2.2382258283333334,4.393927342666667,8.635765573333332,17.247406699333332,34.181750879
200 tokens,2.1459919546666666,4.416076098,9.187392934666667,17.417256366333334,34.189418526
250 tokens,2.134732018333333,4.319256693333333,8.566189708,17.782869285333334,35.369877781666666
