,64 tokens,128 tokens,256 tokens,512 tokens,1024 tokens
150 tokens,2.1899489196666666,4.332285259333333,8.612790801666668,16.99421186,34.425871144333335
200 tokens,2.2406244093333334,4.487485613666667,8.996073047333333,17.677892620333335,35.12367345566667
250 tokens,2.254007189,4.472820992666667,8.810921181666666,18.058827034,34.816624313666665
