,64 tokens,128 tokens,256 tokens,512 tokens,1024 tokens
150 tokens,2.073815656666667,4.104838897333333,8.200055514666667,16.51359473466667,33.234086339
200 tokens,2.1659950853333334,4.178179305333333,8.282796625666668,16.775626014333334,33.481644151
250 tokens,2.070698386666667,4.12872178,8.607166315666666,16.670463766333334,33.222766717333336
