,64 tokens,128 tokens,256 tokens,512 tokens,1024 tokens
150 tokens,3.229422491,6.376652505999999,12.640225876333332,25.331254588333334,51.63410669233334
200 tokens,3.2500701623333335,6.453219317333333,12.756355938,25.581254119000004,51.06245186466666
250 tokens,3.1842381829999997,6.342164664666666,12.816409854666666,25.582881627333336,50.89016561666667
