,64 tokens,128 tokens,256 tokens,512 tokens,1024 tokens
150 tokens,3.3492522826666664,6.683469726666666,13.397992599,27.054792660666667,55.064343627999996
200 tokens,3.362492233333333,6.706817872666666,13.451366876,27.123057196666668,55.26106885466666
250 tokens,3.381747187,6.747092629666667,13.523418999666667,27.242131029666666,55.391593776
