,64 tokens,128 tokens,256 tokens,512 tokens,1024 tokens
150 tokens,1.3214690843333334,2.617912738,5.258783127666667,10.538311052,20.86506576533333
200 tokens,1.314200405,2.63390069,5.3312090649999995,10.574974336666665,20.939340296666668
250 tokens,1.3161612583333333,2.594699470666667,5.197934478,10.547450971666665,21.063750328666668
