,64 tokens,128 tokens,256 tokens,512 tokens,1024 tokens
150 tokens,2.1687120803333335,4.331252274666667,8.590739224,17.461212618666668,35.352252387666674
200 tokens,2.3438757933333334,4.4300047246666665,8.766507183333333,17.415693223666665,34.916255004
250 tokens,2.2263509393333334,4.477322042333333,8.86545176,17.574351259,35.01094038533333
