,64 tokens,128 tokens,256 tokens,512 tokens,1024 tokens
150 tokens,1.3014263496666667,2.5133522103333332,5.0031547110000005,10.09146485,20.048944879666667
200 tokens,1.2538854163333333,2.5063170046666667,5.0070479536666666,10.031270455666666,20.058111575
250 tokens,1.259238562,2.5268040623333334,5.011706738666667,9.983060934000001,20.182051857
