,64 tokens,128 tokens,256 tokens,512 tokens,1024 tokens
150 tokens,7.296241981666667,14.492576165000001,29.011522517666666,58.436990650333335,118.62098513433334
200 tokens,7.318125319666667,14.543831577,29.12619241433333,58.63839377866666,119.06996753733331
250 tokens,7.349223823,14.607099210666668,29.25920312566667,58.83907396,119.47802378066666
