,64 tokens,128 tokens,256 tokens,512 tokens,1024 tokens
150 tokens,1.6469151976666667,3.2345652583333333,6.562816785333333,13.341570038999999,26.515807881666664
200 tokens,1.6317936943333333,3.2904134573333335,6.5786452503333335,13.056576673999999,26.348855819000004
250 tokens,1.635405139333333,3.3048315393333336,6.599562448333334,13.030063039333333,25.947173605333333
