,64 tokens,128 tokens,256 tokens,512 tokens,1024 tokens
150 tokens,1.275692231,2.552561997333333,5.121962706000001,10.406970128333333,20.592604182333332
200 tokens,1.2806062583333333,2.555498543666667,5.151618528333333,10.286521759666668,20.581280737666663
250 tokens,1.3144320356666668,2.6030779980000003,5.17327782,10.210390422333333,20.620891927333332
