,64 tokens,128 tokens,256 tokens,512 tokens,1024 tokens
150 tokens,1.3588878480000002,2.714473688,5.447023871,10.861788525,21.397112261333334
200 tokens,1.3272957300000001,2.645237528,5.308667544333333,10.737315357,21.34485274133333
250 tokens,1.3346727546666666,2.671301803,5.361870805333333,10.641997833666666,21.423588297
