,64 tokens,128 tokens,256 tokens,512 tokens,1024 tokens
150 tokens,3.354173589666667,6.703590154,13.414882121,27.034173297666666,55.115839746
200 tokens,3.3634765436666663,6.730231763666666,13.50094766,27.131765946,55.278174121
250 tokens,3.382744468666667,6.743762995666667,13.522917880333333,27.245695197333333,55.43159199933333
