,64 tokens,128 tokens,256 tokens,512 tokens,1024 tokens
150 tokens,3.360050432,6.682173404,13.414705809333334,26.99568198,54.97873976900001
200 tokens,3.3570479353333336,6.707485801333334,13.423262903666668,27.101099401,55.13412128833334
250 tokens,3.3806242306666667,6.736272050666667,13.500832400666667,27.210844137333336,55.34173221233334
